{
  "id": "",
  "name": "",
  "font_family": "iconfont",
  "css_prefix_text": "icon-",
  "description": "",
  "glyphs": [
    {
      "icon_id": "1307",
      "name": "应用中心",
      "font_class": "yingyongzhongxin",
      "unicode": "f017a",
      "unicode_decimal": 983418
    },
    {
      "icon_id": "145459",
      "name": "游戏",
      "font_class": "youxi",
      "unicode": "e643",
      "unicode_decimal": 58947
    },
    {
      "icon_id": "147464",
      "name": "游戏_填充",
      "font_class": "youxitianchong",
      "unicode": "e6b5",
      "unicode_decimal": 59061
    },
    {
      "icon_id": "577347",
      "name": "留言-fill",
      "font_class": "liuyanfill",
      "unicode": "e743",
      "unicode_decimal": 59203
    },
    {
      "icon_id": "577348",
      "name": "留言",
      "font_class": "liuyan",
      "unicode": "e744",
      "unicode_decimal": 59204
    },
    {
      "icon_id": "579741",
      "name": "用户",
      "font_class": "yonghu",
      "unicode": "e788",
      "unicode_decimal": 59272
    },
    {
      "icon_id": "673799",
      "name": "首页",
      "font_class": "shouye",
      "unicode": "e6cb",
      "unicode_decimal": 59083
    },
    {
      "icon_id": "902053",
      "name": "微信",
      "font_class": "weixin",
      "unicode": "e63d",
      "unicode_decimal": 58941
    },
    {
      "icon_id": "983912",
      "name": "41说说",
      "font_class": "41shuoshuo",
      "unicode": "e658",
      "unicode_decimal": 58968
    },
    {
      "icon_id": "1037673",
      "name": "留言",
      "font_class": "liuyan1",
      "unicode": "e610",
      "unicode_decimal": 58896
    },
    {
      "icon_id": "1727459",
      "name": "224用户",
      "font_class": "yonghu1",
      "unicode": "e8c8",
      "unicode_decimal": 59592
    },
    {
      "icon_id": "4937000",
      "name": "github-fill",
      "font_class": "github-fill",
      "unicode": "e885",
      "unicode_decimal": 59525
    },
    {
      "icon_id": "4937004",
      "name": "QQ-circle-fill",
      "font_class": "QQ-circle-fill",
      "unicode": "e887",
      "unicode_decimal": 59527
    },
    {
      "icon_id": "5387377",
      "name": "标签",
      "font_class": "biaoqian",
      "unicode": "eabd",
      "unicode_decimal": 60093
    },
    {
      "icon_id": "6560992",
      "name": "相册",
      "font_class": "xiangce",
      "unicode": "e618",
      "unicode_decimal": 58904
    },
    {
      "icon_id": "10392614",
      "name": "登录",
      "font_class": "denglu",
      "unicode": "e604",
      "unicode_decimal": 58884
    },
    {
      "icon_id": "11372762",
      "name": "发现",
      "font_class": "faxian",
      "unicode": "e8c4",
      "unicode_decimal": 59588
    },
    {
      "icon_id": "11372774",
      "name": "首页",
      "font_class": "shouye1",
      "unicode": "e8c6",
      "unicode_decimal": 59590
    },
    {
      "icon_id": "12316927",
      "name": "相册",
      "font_class": "xiangce1",
      "unicode": "e607",
      "unicode_decimal": 58887
    }
  ]
}
